/*
SQLyog Ultimate v12.08 (64 bit)
MySQL - 5.7.40-log : Database - pokegame
*********************************************************************
*/

/*!40101 SET NAMES utf8 */;

/*!40101 SET SQL_MODE=''*/;

/*!40014 SET @OLD_UNIQUE_CHECKS=@@UNIQUE_CHECKS, UNIQUE_CHECKS=0 */;
/*!40014 SET @OLD_FOREIGN_KEY_CHECKS=@@FOREIGN_KEY_CHECKS, FOREIGN_KEY_CHECKS=0 */;
/*!40101 SET @OLD_SQL_MODE=@@SQL_MODE, SQL_MODE='NO_AUTO_VALUE_ON_ZERO' */;
/*!40111 SET @OLD_SQL_NOTES=@@SQL_NOTES, SQL_NOTES=0 */;
CREATE DATABASE /*!32312 IF NOT EXISTS*/`pokegame` /*!40100 DEFAULT CHARACTER SET utf8mb4 */;

USE `pokegame`;

/*Data for the table `message` */

insert  into `message`(`id`,`content`,`send_user_id`,`receive_user_id`,`is_broadcast`,`replay_message_id`,`date`) values (1795698088279207937,'123',1795698032062951425,NULL,1,NULL,'2024-05-29 14:06:01'),(1796009096776466433,'老爸',1795698032062951425,1795996566091939842,0,NULL,'2024-05-30 10:41:52'),(1796112474751844353,'33',1795698032062951425,NULL,1,NULL,'2024-05-30 17:32:39'),(1796112484205805569,'fff',1795698032062951425,NULL,1,NULL,'2024-05-30 17:32:41'),(1796112566443524097,'1',1795698032062951425,NULL,1,NULL,'2024-05-30 17:33:01'),(1796112574706302978,'2',1795698032062951425,NULL,1,NULL,'2024-05-30 17:33:03'),(1796160357316378626,'20240530',1795698032062951425,1795996566091939842,0,NULL,'2024-05-30 20:42:55'),(1796161080372445186,'老妈',1795698032062951425,1796160831700549633,0,NULL,'2024-05-30 20:45:47'),(1796161144180391938,'今天进发射场啦？',1796160831700549633,NULL,1,NULL,'2024-05-30 20:46:02'),(1796161208642650113,'老妈',1795698032062951425,NULL,1,NULL,'2024-05-30 20:46:18'),(1796161574650200065,'明天几点发射',1796160831700549633,NULL,1,NULL,'2024-05-30 20:47:45'),(1796192227085205506,'你好?',1796191970897117186,NULL,1,NULL,'2024-05-30 22:49:33'),(1796192467162972162,'明天早晨7点左右发射。',1796191970897117186,NULL,1,NULL,'2024-05-30 22:50:30'),(1796193119104614402,'老虎：聊天界面应该在输入界面上面，而且排序应自上而下。回话清楚。',1796191970897117186,NULL,1,NULL,'2024-05-30 22:53:06'),(1796193131142266881,'',1796191970897117186,NULL,1,NULL,'2024-05-30 22:53:09'),(1796193274545520641,'会话清楚！',1796191970897117186,NULL,1,NULL,'2024-05-30 22:53:43'),(1796193401033146369,'总体感觉不错！',1796191970897117186,NULL,1,NULL,'2024-05-30 22:54:13'),(1796193537721319425,'可以邀请朋友吗？',1796191970897117186,NULL,1,NULL,'2024-05-30 22:54:46'),(1796350437800755202,'邀请朋友还不行，还没搞几个人组聊天室的功能（其实可以弄_(:з)∠)_）',1795698032062951425,NULL,1,NULL,'2024-05-31 09:18:14'),(1796350920703557634,'布局的问题都好改，输入放上面主要是方便找到输入框，不然消息框太长容易第一时间找不到，尤其是手机版布局',1795698032062951425,NULL,1,NULL,'2024-05-31 09:20:09'),(1796351492890509314,'私聊消息',1795698032062951425,1795996566091939842,0,NULL,'2024-05-31 09:22:25'),(1796482620322377729,'老爸你有两个号呀',1795698032062951425,1796191970897117186,0,NULL,'2024-05-31 18:03:28'),(1798271993917440002,'q',1795698032062951425,NULL,1,NULL,'2024-06-05 16:33:48'),(1798565206662246402,'测试',1796160831700549633,NULL,1,NULL,'2024-06-06 11:58:56'),(1798588548609929217,'https://blog.csdn.net/as480133937/article/details/123219425',1796160831700549633,NULL,1,NULL,'2024-06-06 13:31:41'),(1798596373797072897,'https://blog.csdn.net/as480133937/article/details/123219425',1795698032062951425,NULL,1,NULL,'2024-06-06 14:02:46'),(1798615948135690242,'123',1795753544938897409,1795698032062951425,0,NULL,'2024-06-06 15:20:33');

/*Data for the table `t_nativefile` */

insert  into `t_nativefile`(`id`,`file_name`,`uploader_id`,`file_type`,`file_suffix`,`file_url`,`md5`,`date`,`file_preview_url`) values (1798270373011828738,'1.png',1795698032062951425,NULL,'png','b606f679-ec29-4bd1-974d-2bb6b2da91b2_1.png','30ef699ec6058c697b40d0dd0165b779','2024-06-05 16:27:22','b606f679-ec29-4bd1-974d-2bb6b2da91b2_1_preview.jpg'),(1798270375922675713,'2.jpg',1795698032062951425,NULL,'jpg','90404bcd-2b8c-496a-9451-396e9c8dbd10_2.jpg','6695aeec870607632991268672514284','2024-06-05 16:27:22','90404bcd-2b8c-496a-9451-396e9c8dbd10_2_preview.jpg'),(1798270379324256258,'3.png',1795698032062951425,NULL,'png','963f5d47-d32e-4638-9a6c-d323c8f7aa2b_3.png','d30212c2a0dec0ec863f6a2c96975f24','2024-06-05 16:27:23','963f5d47-d32e-4638-9a6c-d323c8f7aa2b_3_preview.jpg'),(1798270380163117057,'4.jpg',1795698032062951425,NULL,'jpg','e4ecf931-ca2f-4ec2-bbd6-260230651e31_4.jpg','8a004948ef00ebb93b62449a0c6ea0f8','2024-06-05 16:27:23','e4ecf931-ca2f-4ec2-bbd6-260230651e31_4_preview.jpg'),(1798272067795910658,'47211F211ED1514903B1FAC0EEABCAFB.jpg',1795698032062951425,NULL,'jpg','2182353f-6cd7-4f03-b956-966439c6c7a7_47211F211ED1514903B1FAC0EEABCAFB.jpg','db7aebd8071ef5ff83a27bca1d90870b','2024-06-05 16:34:06','2182353f-6cd7-4f03-b956-966439c6c7a7_47211F211ED1514903B1FAC0EEABCAFB_preview.jpg'),(1798272190718377986,'A9C9BA28331CCBB173F902941B4025A3.jpg',1795698032062951425,NULL,'jpg','d4fc5c46-1c56-49b7-aeef-859d41cd8028_A9C9BA28331CCBB173F902941B4025A3.jpg','56fb4eb989f10b48dd41c5cd9ccb5d25','2024-06-05 16:34:35','d4fc5c46-1c56-49b7-aeef-859d41cd8028_A9C9BA28331CCBB173F902941B4025A3_preview.jpg'),(1798636605481349122,'1717068887545.jpg',1795698032062951425,NULL,'jpg','4973ee03-1e7a-4571-ad96-351682e71937_1717068887545.jpg','5be44d58f99138dfed5ad216dde20bb2','2024-06-06 16:42:38','4973ee03-1e7a-4571-ad96-351682e71937_1717068887545_preview.jpg'),(1798649676870393857,'test2.jpg',1795753544938897409,NULL,'jpg','35e872f7-d8aa-4f95-a6e2-0c0be6bdb573_test2.jpg','be024e29cbaec9ad6a2ea2fa41f563ee','2024-06-06 17:34:35','35e872f7-d8aa-4f95-a6e2-0c0be6bdb573_test2_preview.jpg'),(1798699494464495617,'1717415674269.jpg',1796160831700549633,NULL,'jpg','b26366c7-c8c9-4959-8ad0-988e001e58b3_1717415674269.jpg','634b9d559a4cce3ca4701c15fef9fd88','2024-06-06 20:52:32','b26366c7-c8c9-4959-8ad0-988e001e58b3_1717415674269_preview.jpg'),(1799010752380215298,'011002301211_31307114 (1).pdf',1795698032062951425,NULL,'pdf','479bac23-e0b7-402b-820e-9ae95f5db428_011002301211_31307114 (1).pdf','2961fd4be0773b73ffd4750bb7ed21fc','2024-06-07 17:29:22',NULL),(1799655721898024962,'4183F8D11C89902BA87C396D8BC67E5B.jpg',1795698032062951425,NULL,'jpg','44fa6edf-2e1f-4b1e-8c90-1245a3fd5267_4183F8D11C89902BA87C396D8BC67E5B.jpg','f82bd36f6d1220e649c86395f584625f','2024-06-09 12:12:15','44fa6edf-2e1f-4b1e-8c90-1245a3fd5267_4183F8D11C89902BA87C396D8BC67E5B_preview.jpg');

/*Data for the table `t_profile_photo` */

insert  into `t_profile_photo`(`id`,`user_id`,`profile_photo_suffix`,`profile_photo_url`,`md5`,`date`,`profile_photo_org_url`) values (1798615911041265665,1795753544938897409,'jpg','be0b112d-d5c3-403a-ab75-4bcd71db3f9f_A9C9BA28331CCBB173F902941B4025A3 (1).jpg','56fb4eb989f10b48dd41c5cd9ccb5d25','2024-06-06 15:20:24','be0b112d-d5c3-403a-ab75-4bcd71db3f9f_origin_A9C9BA28331CCBB173F902941B4025A3 (1).jpg'),(1799736050440675329,1795698032062951425,'jpg','ecf3a278-6d14-453b-bcb6-c66dffe34a78_B445D3F6E414FD5D5441DA3D862EAE5B.jpg','6ae1e76546a255e53daacf9fbcacf1a8','2024-06-09 17:31:27','ecf3a278-6d14-453b-bcb6-c66dffe34a78_origin_B445D3F6E414FD5D5441DA3D862EAE5B.jpg');

/*Data for the table `un_read_message` */

insert  into `un_read_message`(`id`,`send_user_id`,`receive_user_id`,`message_id`,`date`) values (1796009096805826562,1795698032062951425,1795996566091939842,1796009096776466433,'2024-05-30 10:41:52'),(1796160357328961538,1795698032062951425,1795996566091939842,1796160357316378626,'2024-05-30 20:42:55'),(1796351492894703618,1795698032062951425,1795996566091939842,1796351492890509314,'2024-05-31 09:22:25'),(1796482620343349250,1795698032062951425,1796191970897117186,1796482620322377729,'2024-05-31 18:03:28');

/*Data for the table `user` */

insert  into `user`(`id`,`user_name`,`password`,`date`,`user_image_id`,`user_default_image`) values (1795698032062951425,'xx','123',NULL,1799736050440675329,'default_head_photo.jpg'),(1795753544938897409,'asd','123',NULL,1798615911041265665,'default_head_photo.jpg'),(1795996566091939842,'xjy','605698',NULL,NULL,NULL),(1796160831700549633,'dd','605698',NULL,NULL,'1_1.png'),(1796191970897117186,'Xjy','19560226',NULL,NULL,NULL);

/*!40101 SET SQL_MODE=@OLD_SQL_MODE */;
/*!40014 SET FOREIGN_KEY_CHECKS=@OLD_FOREIGN_KEY_CHECKS */;
/*!40014 SET UNIQUE_CHECKS=@OLD_UNIQUE_CHECKS */;
/*!40111 SET SQL_NOTES=@OLD_SQL_NOTES */;
