/*
SQLyog Ultimate v12.08 (64 bit)
MySQL - 5.7.32-log : Database - pokegame
*********************************************************************
*/

/*!40101 SET NAMES utf8 */;

/*!40101 SET SQL_MODE=''*/;

/*!40014 SET @OLD_UNIQUE_CHECKS=@@UNIQUE_CHECKS, UNIQUE_CHECKS=0 */;
/*!40014 SET @OLD_FOREIGN_KEY_CHECKS=@@FOREIGN_KEY_CHECKS, FOREIGN_KEY_CHECKS=0 */;
/*!40101 SET @OLD_SQL_MODE=@@SQL_MODE, SQL_MODE='NO_AUTO_VALUE_ON_ZERO' */;
/*!40111 SET @OLD_SQL_NOTES=@@SQL_NOTES, SQL_NOTES=0 */;
CREATE DATABASE /*!32312 IF NOT EXISTS*/`pokegame` /*!40100 DEFAULT CHARACTER SET latin1 */;

USE `pokegame`;

/*Data for the table `message` */

insert  into `message`(`id`,`content`,`send_user_id`,`receive_user_id`,`is_broadcast`,`replay_message_id`,`date`) values (1788384193509273602,'123',1773172597455552514,NULL,1,NULL,'2024-05-09 09:43:13'),(1788384203244253186,'123ddd',1773172597455552514,NULL,1,NULL,'2024-05-09 09:43:15'),(1788384215709724674,'bbvc',1773172597455552514,NULL,1,NULL,'2024-05-09 09:43:18'),(1788384304423448578,'vvv',1773192802873327618,NULL,1,NULL,'2024-05-09 09:43:39'),(1788384315211198465,'vvvrrwe',1773192802873327618,NULL,1,NULL,'2024-05-09 09:43:42'),(1788385107737522178,'443',1773192802873327618,NULL,1,NULL,'2024-05-09 09:46:51'),(1788385146350284801,'vcxvxc',1773172597455552514,1773192802873327618,0,NULL,'2024-05-09 09:47:00'),(1789953017211760641,'eee',1773172597455552514,NULL,1,NULL,'2024-05-13 17:37:10'),(1789953096173727745,'faf',1773192802873327618,NULL,1,NULL,'2024-05-13 17:37:29'),(1789953111214501889,'vcz',1773192802873327618,1773172597455552514,0,NULL,'2024-05-13 17:37:32'),(1790256497310810113,'eee',1773192802873327618,NULL,1,NULL,'2024-05-14 13:43:05'),(1791379449238507522,'qe',1773192802873327618,NULL,1,NULL,'2024-05-17 16:05:18'),(1793940173097766913,'mmmm',1773192802873327618,1773172597455552514,0,NULL,'2024-05-24 17:40:42'),(1796083415834677250,'123',1773192802873327618,NULL,1,NULL,'2024-05-30 15:37:11'),(1796083429331947521,'ee',1773192802873327618,NULL,1,NULL,'2024-05-30 15:37:14'),(1796084076139761666,'33',1773192802873327618,NULL,1,NULL,'2024-05-30 15:39:48'),(1796097780382158850,'331',1773192802873327618,NULL,1,NULL,'2024-05-30 16:34:15'),(1796097792575000577,'fds',1773192802873327618,NULL,1,NULL,'2024-05-30 16:34:18'),(1796097805891915778,'vcx',1773192802873327618,NULL,1,NULL,'2024-05-30 16:34:21'),(1796097884681916417,'vv',1773192802873327618,NULL,1,NULL,'2024-05-30 16:34:40'),(1796098718253699073,'1',1773192802873327618,NULL,1,NULL,'2024-05-30 16:37:59'),(1796098728785596417,'2',1773192802873327618,NULL,1,NULL,'2024-05-30 16:38:02'),(1796098831453769729,'n',1773192802873327618,NULL,1,NULL,'2024-05-30 16:38:26'),(1796099231372267522,'e',1773192802873327618,NULL,1,NULL,'2024-05-30 16:40:01'),(1796099245834227713,'3',1773192802873327618,NULL,1,NULL,'2024-05-30 16:40:05'),(1796099272883294210,'1',1773192802873327618,NULL,1,NULL,'2024-05-30 16:40:11'),(1796099275164995586,'',1773192802873327618,NULL,1,NULL,'2024-05-30 16:40:12'),(1796099277815795714,'',1773192802873327618,NULL,1,NULL,'2024-05-30 16:40:12'),(1796371947174215682,'zvz',1773192802873327618,NULL,1,NULL,'2024-05-31 10:43:42'),(1796372032024985602,'vv',1773192802873327618,NULL,1,NULL,'2024-05-31 10:44:02'),(1796386033089892353,'1',1773172597455552514,1773192802873327618,0,NULL,'2024-05-31 11:39:40'),(1796386038752202753,'3',1773172597455552514,1773192802873327618,0,NULL,'2024-05-31 11:39:42'),(1796386043353354242,'4',1773172597455552514,1773192802873327618,0,NULL,'2024-05-31 11:39:43'),(1796386047522492418,'5',1773172597455552514,1773192802873327618,0,NULL,'2024-05-31 11:39:44'),(1796386052119449601,'1',1773172597455552514,1773192802873327618,0,NULL,'2024-05-31 11:39:45'),(1796462181060657153,'3',1773192802873327618,1773172597455552514,0,NULL,'2024-05-31 16:42:15'),(1796462187473747970,'4',1773192802873327618,1773172597455552514,0,NULL,'2024-05-31 16:42:17'),(1796462192188145665,'5',1773192802873327618,1773172597455552514,0,NULL,'2024-05-31 16:42:18'),(1796462196717993985,'1',1773192802873327618,1773172597455552514,0,NULL,'2024-05-31 16:42:19'),(1796462205718970370,'2',1773192802873327618,1773172597455552514,0,NULL,'2024-05-31 16:42:21'),(1796462211943317505,'f',1773192802873327618,1773172597455552514,0,NULL,'2024-05-31 16:42:23'),(1796462218440294401,'123',1773192802873327618,1773172597455552514,0,NULL,'2024-05-31 16:42:24'),(1796462280071397377,'ee',1773192802873327618,1773172597455552514,0,NULL,'2024-05-31 16:42:39'),(1796462317593640962,'33',1773192802873327618,1773172597455552514,0,NULL,'2024-05-31 16:42:48');

/*Data for the table `t_nativefile` */

insert  into `t_nativefile`(`id`,`file_name`,`uploader_id`,`file_type`,`file_suffix`,`file_url`,`md5`,`date`,`file_preview_url`) values (1791350315523211266,'1.png',1773192802873327618,NULL,'png','3c29a5a8-575a-440d-8bfc-a20a845a7f08_1.png','30ef699ec6058c697b40d0dd0165b779','2024-05-17 14:09:31','3c29a5a8-575a-440d-8bfc-a20a845a7f08_1_preview.png'),(1791350315636457474,'1_1.png',1773192802873327618,NULL,'png','e068de32-6803-40cc-aaa3-c8052f3b0a38_1_1.png','2f3948a284932a551894b27c7e759938','2024-05-17 14:09:32','e068de32-6803-40cc-aaa3-c8052f3b0a38_1_1_preview.png'),(1791350315946835969,'2.png',1773192802873327618,NULL,'png','ed51a3cd-8735-43c7-b242-d54d7580c0bd_2.png','78eee4d62a9a86478872c20a2a1d9a0b','2024-05-17 14:09:32','ed51a3cd-8735-43c7-b242-d54d7580c0bd_2_preview.png'),(1791350316135579649,'2_1.png',1773192802873327618,NULL,'png','95cce94c-b547-45d8-8da9-5d69c7bbc0db_2_1.png','225fae90ded1c19701cdfee781854b99','2024-05-17 14:09:32','95cce94c-b547-45d8-8da9-5d69c7bbc0db_2_1_preview.png'),(1791350318723465217,'ed1.jpg',1773192802873327618,NULL,'jpg','66fc0cc9-80fb-4ffd-a3cd-8d80493753e7_ed1.jpg','6695aeec870607632991268672514284','2024-05-17 14:09:32','66fc0cc9-80fb-4ffd-a3cd-8d80493753e7_ed1_preview.jpg'),(1791350319298084866,'ed2.jpg',1773192802873327618,NULL,'jpg','e847f4ed-c937-4357-b2e8-fb3af776a365_ed2.jpg','8a004948ef00ebb93b62449a0c6ea0f8','2024-05-17 14:09:32','e847f4ed-c937-4357-b2e8-fb3af776a365_ed2_preview.jpg'),(1795640519482372098,'test.png',1773192802873327618,NULL,'png','8057533e-b9bb-4fe4-a993-84f9aa14cd8c_test.png','2f72e512e858630e2c3456b2bbf82ab1','2024-05-29 10:17:14','8057533e-b9bb-4fe4-a993-84f9aa14cd8c_test_preview.jpg'),(1795642103943655426,'test.png',1773192802873327618,NULL,'png','8057533e-b9bb-4fe4-a993-84f9aa14cd8c_test.png','2f72e512e858630e2c3456b2bbf82ab1','2024-05-29 10:23:34','8057533e-b9bb-4fe4-a993-84f9aa14cd8c_test_preview.jpg');

/*Data for the table `t_profile_photo` */

insert  into `t_profile_photo`(`id`,`user_id`,`profile_photo_suffix`,`profile_photo_url`,`md5`,`date`) values (1797865684475826178,1773172597455552514,'png','93ca392c-fdae-4511-9e86-2f83fb92add8_e068de32-6803-40cc-aaa3-c8052f3b0a38_1_1.png','2f3948a284932a551894b27c7e759938','2024-06-04 13:39:17');

/*Data for the table `un_read_message` */

/*Data for the table `user` */

insert  into `user`(`id`,`user_name`,`password`,`date`,`user_image_id`,`user_default_image`) values (1773172597455552514,'qwe','123',NULL,1797865684475826178,'1_1.png'),(1773192802873327618,'asd','123',NULL,NULL,NULL),(1773610954870427649,'zxc','123',NULL,NULL,NULL),(1773611378339942401,'qq','123',NULL,NULL,NULL),(1773611979828301825,'aa','123',NULL,NULL,NULL),(1783689836378177538,'ccc','123',NULL,NULL,NULL);

/*!40101 SET SQL_MODE=@OLD_SQL_MODE */;
/*!40014 SET FOREIGN_KEY_CHECKS=@OLD_FOREIGN_KEY_CHECKS */;
/*!40014 SET UNIQUE_CHECKS=@OLD_UNIQUE_CHECKS */;
/*!40111 SET SQL_NOTES=@OLD_SQL_NOTES */;
